1,1,10,1
2,1 2,30,1
3,1 3,40,1
4,1 2 4,70,1
5,1 5,60,0
6,1 2 3 6,120,1
7,1 7,80,0
8,1 2 4 8,150,1
9,1 3 9,130,0
10,1 2 5 10,180,1
11,1 11,120,0
12,1 2 3 4 6 12,280,1
13,1 13,140,0
14,1 2 7 14,240,0
15,1 3 5 15,240,0
16,1 2 4 8 16,310,1
17,1 17,180,0
18,1 2 3 6 9 18,390,1
19,1 19,200,0
20,1 2 4 5 10 20,420,1
21,1 3 7 21,320,0
22,1 2 11 22,360,0
23,1 23,240,0
24,1 2 3 4 6 8 12 24,600,1
25,1 5 25,310,0
26,1 2 13 26,420,0
27,1 3 9 27,400,0
28,1 2 4 7 14 28,560,0
29,1 29,300,0
30,1 2 3 5 6 10 15 30,720,1
31,1 31,320,0
32,1 2 4 8 16 32,630,0
33,1 3 11 33,480,0
34,1 2 17 34,540,0
35,1 5 7 35,480,0
36,1 2 3 4 6 9 12 18 36,910,1
37,1 37,380,0
38,1 2 19 38,600,0
39,1 3 13 39,560,0
40,1 2 4 5 8 10 20 40,900,0
41,1 41,420,0
42,1 2 3 6 7 14 21 42,960,1
43,1 43,440,0
44,1 2 4 11 22 44,840,0
45,1 3 5 9 15 45,780,0
46,1 2 23 46,720,0
47,1 47,480,0
48,1 2 3 4 6 8 12 16 24 48,1240,1
49,1 7 49,570,0
50,1 2 5 10 25 50,930,0
51,1 3 17 51,720,0
52,1 2 4 13 26 52,980,0
53,1 53,540,0
54,1 2 3 6 9 18 27 54,1200,0
55,1 5 11 55,720,0
56,1 2 4 7 8 14 28 56,1200,0
57,1 3 19 57,800,0
58,1 2 29 58,900,0
59,1 59,600,0
60,1 2 3 4 5 6 10 12 15 20 30 60,1680,1
61,1 61,620,0
62,1 2 31 62,960,0
63,1 3 7 9 21 63,1040,0
64,1 2 4 8 16 32 64,1270,0
65,1 5 13 65,840,0
66,1 2 3 6 11 22 33 66,1440,0
67,1 67,680,0
68,1 2 4 17 34 68,1260,0
69,1 3 23 69,960,0
70,1 2 5 7 10 14 35 70,1440,0
71,1 71,720,0
72,1 2 3 4 6 8 9 12 18 24 36 72,1950,1
73,1 73,740,0
74,1 2 37 74,1140,0
75,1 3 5 15 25 75,1240,0
76,1 2 4 19 38 76,1400,0
77,1 7 11 77,960,0
78,1 2 3 6 13 26 39 78,1680,0
79,1 79,800,0
80,1 2 4 5 8 10 16 20 40 80,1860,0
81,1 3 9 27 81,1210,0
82,1 2 41 82,1260,0
83,1 83,840,0
84,1 2 3 4 6 7 12 14 21 28 42 84,2240,1
85,1 5 17 85,1080,0
86,1 2 43 86,1320,0
87,1 3 29 87,1200,0
88,1 2 4 8 11 22 44 88,1800,0
89,1 89,900,0
90,1 2 3 5 6 9 10 15 18 30 45 90,2340,1
91,1 7 13 91,1120,0
92,1 2 4 23 46 92,1680,0
93,1 3 31 93,1280,0
94,1 2 47 94,1440,0
95,1 5 19 95,1200,0
96,1 2 3 4 6 8 12 16 24 32 48 96,2520,1
97,1 97,980,0
98,1 2 7 14 49 98,1710,0
99,1 3 9 11 33 99,1560,0
100,1 2 4 5 10 20 25 50 100,2170,0
101,1 101,1020,0
102,1 2 3 6 17 34 51 102,2160,0
103,1 103,1040,0
104,1 2 4 8 13 26 52 104,2100,0
105,1 3 5 7 15 21 35 105,1920,0
106,1 2 53 106,1620,0
107,1 107,1080,0
108,1 2 3 4 6 9 12 18 27 36 54 108,2800,1
109,1 109,1100,0
110,1 2 5 10 11 22 55 110,2160,0
111,1 3 37 111,1520,0
112,1 2 4 7 8 14 16 28 56 112,2480,0
113,1 113,1140,0
114,1 2 3 6 19 38 57 114,2400,0
115,1 5 23 115,1440,0
116,1 2 4 29 58 116,2100,0
117,1 3 9 13 39 117,1820,0
118,1 2 59 118,1800,0
119,1 7 17 119,1440,0
120,1 2 3 4 5 6 8 10 12 15 20 24 30 40 60 120,3600,1
121,1 11 121,1330,0
122,1 2 61 122,1860,0
123,1 3 41 123,1680,0
124,1 2 4 31 62 124,2240,0
125,1 5 25 125,1560,0
126,1 2 3 6 7 9 14 18 21 42 63 126,3120,0
127,1 127,1280,0
128,1 2 4 8 16 32 64 128,2550,0
129,1 3 43 129,1760,0
130,1 2 5 10 13 26 65 130,2520,0
131,1 131,1320,0
132,1 2 3 4 6 11 12 22 33 44 66 132,3360,0
133,1 7 19 133,1600,0
134,1 2 67 134,2040,0
135,1 3 5 9 15 27 45 135,2400,0
136,1 2 4 8 17 34 68 136,2700,0
137,1 137,1380,0
138,1 2 3 6 23 46 69 138,2880,0
139,1 139,1400,0
140,1 2 4 5 7 10 14 20 28 35 70 140,3360,0
141,1 3 47 141,1920,0
142,1 2 71 142,2160,0
143,1 11 13 143,1680,0
144,1 2 3 4 6 8 9 12 16 18 24 36 48 72 144,4030,1
145,1 5 29 145,1800,0
146,1 2 73 146,2220,0
147,1 3 7 21 49 147,2280,0
148,1 2 4 37 74 148,2660,0
149,1 149,1500,0
150,1 2 3 5 6 10 15 25 30 50 75 150,3720,0
151,1 151,1520,0
152,1 2 4 8 19 38 76 152,3000,0
153,1 3 9 17 51 153,2340,0
154,1 2 7 11 14 22 77 154,2880,0
155,1 5 31 155,1920,0
156,1 2 3 4 6 12 13 26 39 52 78 156,3920,0
157,1 157,1580,0
158,1 2 79 158,2400,0
159,1 3 53 159,2160,0
160,1 2 4 5 8 10 16 20 32 40 80 160,3780,0
161,1 7 23 161,1920,0
162,1 2 3 6 9 18 27 54 81 162,3630,0
163,1 163,1640,0
164,1 2 4 41 82 164,2940,0
165,1 3 5 11 15 33 55 165,2880,0
166,1 2 83 166,2520,0
167,1 167,1680,0
168,1 2 3 4 6 7 8 12 14 21 24 28 42 56 84 168,4800,1
169,1 13 169,1830,0
170,1 2 5 10 17 34 85 170,3240,0
171,1 3 9 19 57 171,2600,0
172,1 2 4 43 86 172,3080,0
173,1 173,1740,0
174,1 2 3 6 29 58 87 174,3600,0
175,1 5 7 25 35 175,2480,0
176,1 2 4 8 11 16 22 44 88 176,3720,0
177,1 3 59 177,2400,0
178,1 2 89 178,2700,0
179,1 179,1800,0
180,1 2 3 4 5 6 9 10 12 15 18 20 30 36 45 60 90 180,5460,1
181,1 181,1820,0
182,1 2 7 13 14 26 91 182,3360,0
183,1 3 61 183,2480,0
184,1 2 4 8 23 46 92 184,3600,0
185,1 5 37 185,2280,0
186,1 2 3 6 31 62 93 186,3840,0
187,1 11 17 187,2160,0
188,1 2 4 47 94 188,3360,0
189,1 3 7 9 21 27 63 189,3200,0
190,1 2 5 10 19 38 95 190,3600,0
191,1 191,1920,0
192,1 2 3 4 6 8 12 16 24 32 48 64 96 192,5080,0
193,1 193,1940,0
194,1 2 97 194,2940,0
195,1 3 5 13 15 39 65 195,3360,0
196,1 2 4 7 14 28 49 98 196,3990,0
197,1 197,1980,0
198,1 2 3 6 9 11 18 22 33 66 99 198,4680,0
199,1 199,2000,0
200,1 2 4 5 8 10 20 25 40 50 100 200,4650,0
201,1 3 67 201,2720,0
202,1 2 101 202,3060,0
203,1 7 29 203,2400,0
204,1 2 3 4 6 12 17 34 51 68 102 204,5040,0
205,1 5 41 205,2520,0
206,1 2 103 206,3120,0
207,1 3 9 23 69 207,3120,0
208,1 2 4 8 13 16 26 52 104 208,4340,0
209,1 11 19 209,2400,0
210,1 2 3 5 6 7 10 14 15 21 30 35 42 70 105 210,5760,1
211,1 211,2120,0
212,1 2 4 53 106 212,3780,0
213,1 3 71 213,2880,0
214,1 2 107 214,3240,0
215,1 5 43 215,2640,0
216,1 2 3 4 6 8 9 12 18 24 27 36 54 72 108 216,6000,1
217,1 7 31 217,2560,0
218,1 2 109 218,3300,0
219,1 3 73 219,2960,0
220,1 2 4 5 10 11 20 22 44 55 110 220,5040,0
221,1 13 17 221,2520,0
222,1 2 3 6 37 74 111 222,4560,0
223,1 223,2240,0
224,1 2 4 7 8 14 16 28 32 56 112 224,5040,0
225,1 3 5 9 15 25 45 75 225,4030,0
226,1 2 113 226,3420,0
227,1 227,2280,0
228,1 2 3 4 6 12 19 38 57 76 114 228,5600,0
229,1 229,2300,0
230,1 2 5 10 23 46 115 230,4320,0
231,1 3 7 11 21 33 77 231,3840,0
232,1 2 4 8 29 58 116 232,4500,0
233,1 233,2340,0
234,1 2 3 6 9 13 18 26 39 78 117 234,5460,0
235,1 5 47 235,2880,0
236,1 2 4 59 118 236,4200,0
237,1 3 79 237,3200,0
238,1 2 7 14 17 34 119 238,4320,0
239,1 239,2400,0
240,1 2 3 4 5 6 8 10 12 15 16 20 24 30 40 48 60 80 120 240,7440,1
241,1 241,2420,0
242,1 2 11 22 121 242,3990,0
243,1 3 9 27 81 243,3640,0
244,1 2 4 61 122 244,4340,0
245,1 5 7 35 49 245,3420,0
246,1 2 3 6 41 82 123 246,5040,0
247,1 13 19 247,2800,0
248,1 2 4 8 31 62 124 248,4800,0
249,1 3 83 249,3360,0
250,1 2 5 10 25 50 125 250,4680,0
251,1 251,2520,0
252,1 2 3 4 6 7 9 12 14 18 21 28 36 42 63 84 126 252,7280,0
253,1 11 23 253,2880,0
254,1 2 127 254,3840,0
255,1 3 5 15 17 51 85 255,4320,0
256,1 2 4 8 16 32 64 128 256,5110,0
257,1 257,2580,0
258,1 2 3 6 43 86 129 258,5280,0
259,1 7 37 259,3040,0
260,1 2 4 5 10 13 20 26 52 65 130 260,5880,0
261,1 3 9 29 87 261,3900,0
262,1 2 131 262,3960,0
263,1 263,2640,0
264,1 2 3 4 6 8 11 12 22 24 33 44 66 88 132 264,7200,0
265,1 5 53 265,3240,0
266,1 2 7 14 19 38 133 266,4800,0
267,1 3 89 267,3600,0
268,1 2 4 67 134 268,4760,0
269,1 269,2700,0
270,1 2 3 5 6 9 10 15 18 27 30 45 54 90 135 270,7200,0
271,1 271,2720,0
272,1 2 4 8 16 17 34 68 136 272,5580,0
273,1 3 7 13 21 39 91 273,4480,0
274,1 2 137 274,4140,0
275,1 5 11 25 55 275,3720,0
276,1 2 3 4 6 12 23 46 69 92 138 276,6720,0
277,1 277,2780,0
278,1 2 139 278,4200,0
279,1 3 9 31 93 279,4160,0
280,1 2 4 5 7 8 10 14 20 28 35 40 56 70 140 280,7200,0
281,1 281,2820,0
282,1 2 3 6 47 94 141 282,5760,0
283,1 283,2840,0
284,1 2 4 71 142 284,5040,0
285,1 3 5 15 19 57 95 285,4800,0
286,1 2 11 13 22 26 143 286,5040,0
287,1 7 41 287,3360,0
288,1 2 3 4 6 8 9 12 16 18 24 32 36 48 72 96 144 288,8190,1
289,1 17 289,3070,0
290,1 2 5 10 29 58 145 290,5400,0
291,1 3 97 291,3920,0
292,1 2 4 73 146 292,5180,0
293,1 293,2940,0
294,1 2 3 6 7 14 21 42 49 98 147 294,6840,0
295,1 5 59 295,3600,0
296,1 2 4 8 37 74 148 296,5700,0
297,1 3 9 11 27 33 99 297,4800,0
298,1 2 149 298,4500,0
299,1 13 23 299,3360,0
300,1 2 3 4 5 6 10 12 15 20 25 30 50 60 75 100 150 300,8680,1
301,1 7 43 301,3520,0
302,1 2 151 302,4560,0
303,1 3 101 303,4080,0
304,1 2 4 8 16 19 38 76 152 304,6200,0
305,1 5 61 305,3720,0
306,1 2 3 6 9 17 18 34 51 102 153 306,7020,0
307,1 307,3080,0
308,1 2 4 7 11 14 22 28 44 77 154 308,6720,0
309,1 3 103 309,4160,0
310,1 2 5 10 31 62 155 310,5760,0
311,1 311,3120,0
312,1 2 3 4 6 8 12 13 24 26 39 52 78 104 156 312,8400,0
313,1 313,3140,0
314,1 2 157 314,4740,0
315,1 3 5 7 9 15 21 35 45 63 105 315,6240,0
316,1 2 4 79 158 316,5600,0
317,1 317,3180,0
318,1 2 3 6 53 106 159 318,6480,0
319,1 11 29 319,3600,0
320,1 2 4 5 8 10 16 20 32 40 64 80 160 320,7620,0
321,1 3 107 321,4320,0
322,1 2 7 14 23 46 161 322,5760,0
323,1 17 19 323,3600,0
324,1 2 3 4 6 9 12 18 27 36 54 81 108 162 324,8470,0
325,1 5 13 25 65 325,4340,0
326,1 2 163 326,4920,0
327,1 3 109 327,4400,0
328,1 2 4 8 41 82 164 328,6300,0
329,1 7 47 329,3840,0
330,1 2 3 5 6 10 11 15 22 30 33 55 66 110 165 330,8640,0
331,1 331,3320,0
332,1 2 4 83 166 332,5880,0
333,1 3 9 37 111 333,4940,0
334,1 2 167 334,5040,0
335,1 5 67 335,4080,0
336,1 2 3 4 6 7 8 12 14 16 21 24 28 42 48 56 84 112 168 336,9920,1
337,1 337,3380,0
338,1 2 13 26 169 338,5490,0
339,1 3 113 339,4560,0
340,1 2 4 5 10 17 20 34 68 85 170 340,7560,0
341,1 11 31 341,3840,0
342,1 2 3 6 9 18 19 38 57 114 171 342,7800,0
343,1 7 49 343,4000,0
344,1 2 4 8 43 86 172 344,6600,0
345,1 3 5 15 23 69 115 345,5760,0
346,1 2 173 346,5220,0
347,1 347,3480,0
348,1 2 3 4 6 12 29 58 87 116 174 348,8400,0
349,1 349,3500,0
350,1 2 5 7 10 14 25 35 50 70 175 350,7440,0
351,1 3 9 13 27 39 117 351,5600,0
352,1 2 4 8 11 16 22 32 44 88 176 352,7560,0
353,1 353,3540,0
354,1 2 3 6 59 118 177 354,7200,0
355,1 5 71 355,4320,0
356,1 2 4 89 178 356,6300,0
357,1 3 7 17 21 51 119 357,5760,0
358,1 2 179 358,5400,0
359,1 359,3600,0
360,1 2 3 4 5 6 8 9 10 12 15 18 20 24 30 36 40 45 60 72 90 120 180 360,11700,1
361,1 19 361,3810,0
362,1 2 181 362,5460,0
363,1 3 11 33 121 363,5320,0
364,1 2 4 7 13 14 26 28 52 91 182 364,7840,0
365,1 5 73 365,4440,0
366,1 2 3 6 61 122 183 366,7440,0
367,1 367,3680,0
368,1 2 4 8 16 23 46 92 184 368,7440,0
369,1 3 9 41 123 369,5460,0
370,1 2 5 10 37 74 185 370,6840,0
371,1 7 53 371,4320,0
372,1 2 3 4 6 12 31 62 93 124 186 372,8960,0
373,1 373,3740,0
374,1 2 11 17 22 34 187 374,6480,0
375,1 3 5 15 25 75 125 375,6240,0
376,1 2 4 8 47 94 188 376,7200,0
377,1 13 29 377,4200,0
378,1 2 3 6 7 9 14 18 21 27 42 54 63 126 189 378,9600,0
379,1 379,3800,0
380,1 2 4 5 10 19 20 38 76 95 190 380,8400,0
381,1 3 127 381,5120,0
382,1 2 191 382,5760,0
383,1 383,3840,0
384,1 2 3 4 6 8 12 16 24 32 48 64 96 128 192 384,10200,0
385,1 5 7 11 35 55 77 385,5760,0
386,1 2 193 386,5820,0
387,1 3 9 43 129 387,5720,0
388,1 2 4 97 194 388,6860,0
389,1 389,3900,0
390,1 2 3 5 6 10 13 15 26 30 39 65 78 130 195 390,10080,0
391,1 17 23 391,4320,0
392,1 2 4 7 8 14 28 49 56 98 196 392,8550,0
393,1 3 131 393,5280,0
394,1 2 197 394,5940,0
395,1 5 79 395,4800,0
396,1 2 3 4 6 9 11 12 18 22 33 36 44 66 99 132 198 396,10920,0
397,1 397,3980,0
398,1 2 199 398,6000,0
399,1 3 7 19 21 57 133 399,6400,0
400,1 2 4 5 8 10 16 20 25 40 50 80 100 200 400,9610,0
401,1 401,4020,0
402,1 2 3 6 67 134 201 402,8160,0
403,1 13 31 403,4480,0
404,1 2 4 101 202 404,7140,0
405,1 3 5 9 15 27 45 81 135 405,7260,0
406,1 2 7 14 29 58 203 406,7200,0
407,1 11 37 407,4560,0
408,1 2 3 4 6 8 12 17 24 34 51 68 102 136 204 408,10800,0
409,1 409,4100,0
410,1 2 5 10 41 82 205 410,7560,0
411,1 3 137 411,5520,0
412,1 2 4 103 206 412,7280,0
413,1 7 59 413,4800,0
414,1 2 3 6 9 18 23 46 69 138 207 414,9360,0
415,1 5 83 415,5040,0
416,1 2 4 8 13 16 26 32 52 104 208 416,8820,0
417,1 3 139 417,5600,0
418,1 2 11 19 22 38 209 418,7200,0
419,1 419,4200,0
420,1 2 3 4 5 6 7 10 12 14 15 20 21 28 30 35 42 60 70 84 105 140 210 420,13440,1
421,1 421,4220,0
422,1 2 211 422,6360,0
423,1 3 9 47 141 423,6240,0
424,1 2 4 8 53 106 212 424,8100,0
425,1 5 17 25 85 425,5580,0
426,1 2 3 6 71 142 213 426,8640,0
427,1 7 61 427,4960,0
428,1 2 4 107 214 428,7560,0
429,1 3 11 13 33 39 143 429,6720,0
430,1 2 5 10 43 86 215 430,7920,0
431,1 431,4320,0
432,1 2 3 4 6 8 9 12 16 18 24 27 36 48 54 72 108 144 216 432,12400,0
433,1 433,4340,0
434,1 2 7 14 31 62 217 434,7680,0
435,1 3 5 15 29 87 145 435,7200,0
436,1 2 4 109 218 436,7700,0
437,1 19 23 437,4800,0
438,1 2 3 6 73 146 219 438,8880,0
439,1 439,4400,0
440,1 2 4 5 8 10 11 20 22 40 44 55 88 110 220 440,10800,0
441,1 3 7 9 21 49 63 147 441,7410,0
442,1 2 13 17 26 34 221 442,7560,0
443,1 443,4440,0
444,1 2 3 4 6 12 37 74 111 148 222 444,10640,0
445,1 5 89 445,5400,0
446,1 2 223 446,6720,0
447,1 3 149 447,6000,0
448,1 2 4 7 8 14 16 28 32 56 64 112 224 448,10160,0
449,1 449,4500,0
450,1 2 3 5 6 9 10 15 18 25 30 45 50 75 90 150 225 450,12090,0
451,1 11 41 451,5040,0
452,1 2 4 113 226 452,7980,0
453,1 3 151 453,6080,0
454,1 2 227 454,6840,0
455,1 5 7 13 35 65 91 455,6720,0
456,1 2 3 4 6 8 12 19 24 38 57 76 114 152 228 456,12000,0
457,1 457,4580,0
458,1 2 229 458,6900,0
459,1 3 9 17 27 51 153 459,7200,0
460,1 2 4 5 10 20 23 46 92 115 230 460,10080,0
461,1 461,4620,0
462,1 2 3 6 7 11 14 21 22 33 42 66 77 154 231 462,11520,0
463,1 463,4640,0
464,1 2 4 8 16 29 58 116 232 464,9300,0
465,1 3 5 15 31 93 155 465,7680,0
466,1 2 233 466,7020,0
467,1 467,4680,0
468,1 2 3 4 6 9 12 13 18 26 36 39 52 78 117 156 234 468,12740,0
469,1 7 67 469,5440,0
470,1 2 5 10 47 94 235 470,8640,0
471,1 3 157 471,6320,0
472,1 2 4 8 59 118 236 472,9000,0
473,1 11 43 473,5280,0
474,1 2 3 6 79 158 237 474,9600,0
475,1 5 19 25 95 475,6200,0
476,1 2 4 7 14 17 28 34 68 119 238 476,10080,0
477,1 3 9 53 159 477,7020,0
478,1 2 239 478,7200,0
479,1 479,4800,0
480,1 2 3 4 5 6 8 10 12 15 16 20 24 30 32 40 48 60 80 96 120 160 240 480,15120,1
481,1 13 37 481,5320,0
482,1 2 241 482,7260,0
483,1 3 7 21 23 69 161 483,7680,0
484,1 2 4 11 22 44 121 242 484,9310,0
485,1 5 97 485,5880,0
486,1 2 3 6 9 18 27 54 81 162 243 486,10920,0
487,1 487,4880,0
488,1 2 4 8 61 122 244 488,9300,0
489,1 3 163 489,6560,0
490,1 2 5 7 10 14 35 49 70 98 245 490,10260,0
491,1 491,4920,0
492,1 2 3 4 6 12 41 82 123 164 246 492,11760,0
493,1 17 29 493,5400,0
494,1 2 13 19 26 38 247 494,8400,0
495,1 3 5 9 11 15 33 45 55 99 165 495,9360,0
496,1 2 4 8 16 31 62 124 248 496,9920,0
497,1 7 71 497,5760,0
498,1 2 3 6 83 166 249 498,10080,0
499,1 499,5000,0
500,1 2 4 5 10 20 25 50 100 125 250 500,10920,0
501,1 3 167 501,6720,0
502,1 2 251 502,7560,0
503,1 503,5040,0
504,1 2 3 4 6 7 8 9 12 14 18 21 24 28 36 42 56 63 72 84 126 168 252 504,15600,1
505,1 5 101 505,6120,0
506,1 2 11 22 23 46 253 506,8640,0
507,1 3 13 39 169 507,7320,0
508,1 2 4 127 254 508,8960,0
509,1 509,5100,0
510,1 2 3 5 6 10 15 17 30 34 51 85 102 170 255 510,12960,0
511,1 7 73 511,5920,0
512,1 2 4 8 16 32 64 128 256 512,10230,0
513,1 3 9 19 27 57 171 513,8000,0
514,1 2 257 514,7740,0
515,1 5 103 515,6240,0
516,1 2 3 4 6 12 43 86 129 172 258 516,12320,0
517,1 11 47 517,5760,0
518,1 2 7 14 37 74 259 518,9120,0
519,1 3 173 519,6960,0
520,1 2 4 5 8 10 13 20 26 40 52 65 104 130 260 520,12600,0
521,1 521,5220,0
522,1 2 3 6 9 18 29 58 87 174 261 522,11700,0
523,1 523,5240,0
524,1 2 4 131 262 524,9240,0
525,1 3 5 7 15 21 25 35 75 105 175 525,9920,0
526,1 2 263 526,7920,0
527,1 17 31 527,5760,0
528,1 2 3 4 6 8 11 12 16 22 24 33 44 48 66 88 132 176 264 528,14880,0
529,1 23 529,5530,0
530,1 2 5 10 53 106 265 530,9720,0
531,1 3 9 59 177 531,7800,0
532,1 2 4 7 14 19 28 38 76 133 266 532,11200,0
533,1 13 41 533,5880,0
534,1 2 3 6 89 178 267 534,10800,0
535,1 5 107 535,6480,0
536,1 2 4 8 67 134 268 536,10200,0
537,1 3 179 537,7200,0
538,1 2 269 538,8100,0
539,1 7 11 49 77 539,6840,0
540,1 2 3 4 5 6 9 10 12 15 18 20 27 30 36 45 54 60 90 108 135 180 270 540,16800,1
541,1 541,5420,0
542,1 2 271 542,8160,0
543,1 3 181 543,7280,0
544,1 2 4 8 16 17 32 34 68 136 272 544,11340,0
545,1 5 109 545,6600,0
546,1 2 3 6 7 13 14 21 26 39 42 78 91 182 273 546,13440,0
547,1 547,5480,0
548,1 2 4 137 274 548,9660,0
549,1 3 9 61 183 549,8060,0
550,1 2 5 10 11 22 25 50 55 110 275 550,11160,0
551,1 19 29 551,6000,0
552,1 2 3 4 6 8 12 23 24 46 69 92 138 184 276 552,14400,0
553,1 7 79 553,6400,0
554,1 2 277 554,8340,0
555,1 3 5 15 37 111 185 555,9120,0
556,1 2 4 139 278 556,9800,0
557,1 557,5580,0
558,1 2 3 6 9 18 31 62 93 186 279 558,12480,0
559,1 13 43 559,6160,0
560,1 2 4 5 7 8 10 14 16 20 28 35 40 56 70 80 112 140 280 560,14880,0
561,1 3 11 17 33 51 187 561,8640,0
562,1 2 281 562,8460,0
563,1 563,5640,0
564,1 2 3 4 6 12 47 94 141 188 282 564,13440,0
565,1 5 113 565,6840,0
566,1 2 283 566,8520,0
567,1 3 7 9 21 27 63 81 189 567,9680,0
568,1 2 4 8 71 142 284 568,10800,0
569,1 569,5700,0
570,1 2 3 5 6 10 15 19 30 38 57 95 114 190 285 570,14400,0
571,1 571,5720,0
572,1 2 4 11 13 22 26 44 52 143 286 572,11760,0
573,1 3 191 573,7680,0
574,1 2 7 14 41 82 287 574,10080,0
575,1 5 23 25 115 575,7440,0
576,1 2 3 4 6 8 9 12 16 18 24 32 36 48 64 72 96 144 192 288 576,16510,0
577,1 577,5780,0
578,1 2 17 34 289 578,9210,0
579,1 3 193 579,7760,0
580,1 2 4 5 10 20 29 58 116 145 290 580,12600,0
581,1 7 83 581,6720,0
582,1 2 3 6 97 194 291 582,11760,0
583,1 11 53 583,6480,0
584,1 2 4 8 73 146 292 584,11100,0
585,1 3 5 9 13 15 39 45 65 117 195 585,10920,0
586,1 2 293 586,8820,0
587,1 587,5880,0
588,1 2 3 4 6 7 12 14 21 28 42 49 84 98 147 196 294 588,15960,0
589,1 19 31 589,6400,0
590,1 2 5 10 59 118 295 590,10800,0
591,1 3 197 591,7920,0
592,1 2 4 8 16 37 74 148 296 592,11780,0
593,1 593,5940,0
594,1 2 3 6 9 11 18 22 27 33 54 66 99 198 297 594,14400,0
595,1 5 7 17 35 85 119 595,8640,0
596,1 2 4 149 298 596,10500,0
597,1 3 199 597,8000,0
598,1 2 13 23 26 46 299 598,10080,0
599,1 599,6000,0
600,1 2 3 4 5 6 8 10 12 15 20 24 25 30 40 50 60 75 100 120 150 200 300 600,18600,1
601,1 601,6020,0
602,1 2 7 14 43 86 301 602,10560,0
603,1 3 9 67 201 603,8840,0
604,1 2 4 151 302 604,10640,0
605,1 5 11 55 121 605,7980,0
606,1 2 3 6 101 202 303 606,12240,0
607,1 607,6080,0
608,1 2 4 8 16 19 32 38 76 152 304 608,12600,0
609,1 3 7 21 29 87 203 609,9600,0
610,1 2 5 10 61 122 305 610,11160,0
611,1 13 47 611,6720,0
612,1 2 3 4 6 9 12 17 18 34 36 51 68 102 153 204 306 612,16380,0
613,1 613,6140,0
614,1 2 307 614,9240,0
615,1 3 5 15 41 123 205 615,10080,0
616,1 2 4 7 8 11 14 22 28 44 56 77 88 154 308 616,14400,0
617,1 617,6180,0
618,1 2 3 6 103 206 309 618,12480,0
619,1 619,6200,0
620,1 2 4 5 10 20 31 62 124 155 310 620,13440,0
621,1 3 9 23 27 69 207 621,9600,0
622,1 2 311 622,9360,0
623,1 7 89 623,7200,0
624,1 2 3 4 6 8 12 13 16 24 26 39 48 52 78 104 156 208 312 624,17360,0
625,1 5 25 125 625,7810,0
626,1 2 313 626,9420,0
627,1 3 11 19 33 57 209 627,9600,0
628,1 2 4 157 314 628,11060,0
629,1 17 37 629,6840,0
630,1 2 3 5 6 7 9 10 14 15 18 21 30 35 42 45 63 70 90 105 126 210 315 630,18720,1
631,1 631,6320,0
632,1 2 4 8 79 158 316 632,12000,0
633,1 3 211 633,8480,0
634,1 2 317 634,9540,0
635,1 5 127 635,7680,0
636,1 2 3 4 6 12 53 106 159 212 318 636,15120,0
637,1 7 13 49 91 637,7980,0
638,1 2 11 22 29 58 319 638,10800,0
639,1 3 9 71 213 639,9360,0
640,1 2 4 5 8 10 16 20 32 40 64 80 128 160 320 640,15300,0
641,1 641,6420,0
642,1 2 3 6 107 214 321 642,12960,0
643,1 643,6440,0
644,1 2 4 7 14 23 28 46 92 161 322 644,13440,0
645,1 3 5 15 43 129 215 645,10560,0
646,1 2 17 19 34 38 323 646,10800,0
647,1 647,6480,0
648,1 2 3 4 6 8 9 12 18 24 27 36 54 72 81 108 162 216 324 648,18150,0
649,1 11 59 649,7200,0
650,1 2 5 10 13 25 26 50 65 130 325 650,13020,0
651,1 3 7 21 31 93 217 651,10240,0
652,1 2 4 163 326 652,11480,0
653,1 653,6540,0
654,1 2 3 6 109 218 327 654,13200,0
655,1 5 131 655,7920,0
656,1 2 4 8 16 41 82 164 328 656,13020,0
657,1 3 9 73 219 657,9620,0
658,1 2 7 14 47 94 329 658,11520,0
659,1 659,6600,0
660,1 2 3 4 5 6 10 11 12 15 20 22 30 33 44 55 60 66 110 132 165 220 330 660,20160,1
661,1 661,6620,0
662,1 2 331 662,9960,0
663,1 3 13 17 39 51 221 663,10080,0
664,1 2 4 8 83 166 332 664,12600,0
665,1 5 7 19 35 95 133 665,9600,0
666,1 2 3 6 9 18 37 74 111 222 333 666,14820,0
667,1 23 29 667,7200,0
668,1 2 4 167 334 668,11760,0
669,1 3 223 669,8960,0
670,1 2 5 10 67 134 335 670,12240,0
671,1 11 61 671,7440,0
672,1 2 3 4 6 7 8 12 14 16 21 24 28 32 42 48 56 84 96 112 168 224 336 672,20160,0
673,1 673,6740,0
674,1 2 337 674,10140,0
675,1 3 5 9 15 25 27 45 75 135 225 675,12400,0
676,1 2 4 13 26 52 169 338 676,12810,0
677,1 677,6780,0
678,1 2 3 6 113 226 339 678,13680,0
679,1 7 97 679,7840,0
680,1 2 4 5 8 10 17 20 34 40 68 85 136 170 340 680,16200,0
681,1 3 227 681,9120,0
682,1 2 11 22 31 62 341 682,11520,0
683,1 683,6840,0
684,1 2 3 4 6 9 12 18 19 36 38 57 76 114 171 228 342 684,18200,0
685,1 5 137 685,8280,0
686,1 2 7 14 49 98 343 686,12000,0
687,1 3 229 687,9200,0
688,1 2 4 8 16 43 86 172 344 688,13640,0
689,1 13 53 689,7560,0
690,1 2 3 5 6 10 15 23 30 46 69 115 138 230 345 690,17280,0
691,1 691,6920,0
692,1 2 4 173 346 692,12180,0
693,1 3 7 9 11 21 33 63 77 99 231 693,12480,0
694,1 2 347 694,10440,0
695,1 5 139 695,8400,0
696,1 2 3 4 6 8 12 24 29 58 87 116 174 232 348 696,18000,0
697,1 17 41 697,7560,0
698,1 2 349 698,10500,0
699,1 3 233 699,9360,0
700,1 2 4 5 7 10 14 20 25 28 35 50 70 100 140 175 350 700,17360,0
701,1 701,7020,0
702,1 2 3 6 9 13 18 26 27 39 54 78 117 234 351 702,16800,0
703,1 19 37 703,7600,0
704,1 2 4 8 11 16 22 32 44 64 88 176 352 704,15240,0
705,1 3 5 15 47 141 235 705,11520,0
706,1 2 353 706,10620,0
707,1 7 101 707,8160,0
708,1 2 3 4 6 12 59 118 177 236 354 708,16800,0
709,1 709,7100,0
710,1 2 5 10 71 142 355 710,12960,0
711,1 3 9 79 237 711,10400,0
712,1 2 4 8 89 178 356 712,13500,0
713,1 23 31 713,7680,0
714,1 2 3 6 7 14 17 21 34 42 51 102 119 238 357 714,17280,0
715,1 5 11 13 55 65 143 715,10080,0
716,1 2 4 179 358 716,12600,0
717,1 3 239 717,9600,0
718,1 2 359 718,10800,0
719,1 719,7200,0
720,1 2 3 4 5 6 8 9 10 12 15 16 18 20 24 30 36 40 45 48 60 72 80 90 120 144 180 240 360 720,24180,1
721,1 7 103 721,8320,0
722,1 2 19 38 361 722,11430,0
723,1 3 241 723,9680,0
724,1 2 4 181 362 724,12740,0
725,1 5 25 29 145 725,9300,0
726,1 2 3 6 11 22 33 66 121 242 363 726,15960,0
727,1 727,7280,0
728,1 2 4 7 8 13 14 26 28 52 56 91 104 182 364 728,16800,0
729,1 3 9 27 81 243 729,10930,0
730,1 2 5 10 73 146 365 730,13320,0
731,1 17 43 731,7920,0
732,1 2 3 4 6 12 61 122 183 244 366 732,17360,0
733,1 733,7340,0
734,1 2 367 734,11040,0
735,1 3 5 7 15 21 35 49 105 147 245 735,13680,0
736,1 2 4 8 16 23 32 46 92 184 368 736,15120,0
737,1 11 67 737,8160,0
738,1 2 3 6 9 18 41 82 123 246 369 738,16380,0
739,1 739,7400,0
740,1 2 4 5 10 20 37 74 148 185 370 740,15960,0
741,1 3 13 19 39 57 247 741,11200,0
742,1 2 7 14 53 106 371 742,12960,0
743,1 743,7440,0
744,1 2 3 4 6 8 12 24 31 62 93 124 186 248 372 744,19200,0
745,1 5 149 745,9000,0
746,1 2 373 746,11220,0
747,1 3 9 83 249 747,10920,0
748,1 2 4 11 17 22 34 44 68 187 374 748,15120,0
749,1 7 107 749,8640,0
750,1 2 3 5 6 10 15 25 30 50 75 125 150 250 375 750,18720,0
751,1 751,7520,0
752,1 2 4 8 16 47 94 188 376 752,14880,0
753,1 3 251 753,10080,0
754,1 2 13 26 29 58 377 754,12600,0
755,1 5 151 755,9120,0
756,1 2 3 4 6 7 9 12 14 18 21 27 28 36 42 54 63 84 108 126 189 252 378 756,22400,0
757,1 757,7580,0
758,1 2 379 758,11400,0
759,1 3 11 23 33 69 253 759,11520,0
760,1 2 4 5 8 10 19 20 38 40 76 95 152 190 380 760,18000,0
761,1 761,7620,0
762,1 2 3 6 127 254 381 762,15360,0
763,1 7 109 763,8800,0
764,1 2 4 191 382 764,13440,0
765,1 3 5 9 15 17 45 51 85 153 255 765,14040,0
766,1 2 383 766,11520,0
767,1 13 59 767,8400,0
768,1 2 3 4 6 8 12 16 24 32 48 64 96 128 192 256 384 768,20440,0
769,1 769,7700,0
770,1 2 5 7 10 11 14 22 35 55 70 77 110 154 385 770,17280,0
771,1 3 257 771,10320,0
772,1 2 4 193 386 772,13580,0
773,1 773,7740,0
774,1 2 3 6 9 18 43 86 129 258 387 774,17160,0
775,1 5 25 31 155 775,9920,0
776,1 2 4 8 97 194 388 776,14700,0
777,1 3 7 21 37 111 259 777,12160,0
778,1 2 389 778,11700,0
779,1 19 41 779,8400,0
780,1 2 3 4 5 6 10 12 13 15 20 26 30 39 52 60 65 78 130 156 195 260 390 780,23520,0
781,1 11 71 781,8640,0
782,1 2 17 23 34 46 391 782,12960,0
783,1 3 9 27 29 87 261 783,12000,0
784,1 2 4 7 8 14 16 28 49 56 98 112 196 392 784,17670,0
785,1 5 157 785,9480,0
786,1 2 3 6 131 262 393 786,15840,0
787,1 787,7880,0
788,1 2 4 197 394 788,13860,0
789,1 3 263 789,10560,0
790,1 2 5 10 79 158 395 790,14400,0
791,1 7 113 791,9120,0
792,1 2 3 4 6 8 9 11 12 18 22 24 33 36 44 66 72 88 99 132 198 264 396 792,23400,0
793,1 13 61 793,8680,0
794,1 2 397 794,11940,0
795,1 3 5 15 53 159 265 795,12960,0
796,1 2 4 199 398 796,14000,0
797,1 797,7980,0
798,1 2 3 6 7 14 19 21 38 42 57 114 133 266 399 798,19200,0
799,1 17 47 799,8640,0
800,1 2 4 5 8 10 16 20 25 32 40 50 80 100 160 200 400 800,19530,0
801,1 3 9 89 267 801,11700,0
802,1 2 401 802,12060,0
803,1 11 73 803,8880,0
804,1 2 3 4 6 12 67 134 201 268 402 804,19040,0
805,1 5 7 23 35 115 161 805,11520,0
806,1 2 13 26 31 62 403 806,13440,0
807,1 3 269 807,10800,0
808,1 2 4 8 101 202 404 808,15300,0
809,1 809,8100,0
810,1 2 3 5 6 9 10 15 18 27 30 45 54 81 90 135 162 270 405 810,21780,0
811,1 811,8120,0
812,1 2 4 7 14 28 29 58 116 203 406 812,16800,0
813,1 3 271 813,10880,0
814,1 2 11 22 37 74 407 814,13680,0
815,1 5 163 815,9840,0
816,1 2 3 4 6 8 12 16 17 24 34 48 51 68 102 136 204 272 408 816,22320,0
817,1 19 43 817,8800,0
818,1 2 409 818,12300,0
819,1 3 7 9 13 21 39 63 91 117 273 819,14560,0
820,1 2 4 5 10 20 41 82 164 205 410 820,17640,0
821,1 821,8220,0
822,1 2 3 6 137 274 411 822,16560,0
823,1 823,8240,0
824,1 2 4 8 103 206 412 824,15600,0
825,1 3 5 11 15 25 33 55 75 165 275 825,14880,0
826,1 2 7 14 59 118 413 826,14400,0
827,1 827,8280,0
828,1 2 3 4 6 9 12 18 23 36 46 69 92 138 207 276 414 828,21840,0
829,1 829,8300,0
830,1 2 5 10 83 166 415 830,15120,0
831,1 3 277 831,11120,0
832,1 2 4 8 13 16 26 32 52 64 104 208 416 832,17780,0
833,1 7 17 49 119 833,10260,0
834,1 2 3 6 139 278 417 834,16800,0
835,1 5 167 835,10080,0
836,1 2 4 11 19 22 38 44 76 209 418 836,16800,0
837,1 3 9 27 31 93 279 837,12800,0
838,1 2 419 838,12600,0
839,1 839,8400,0
840,1 2 3 4 5 6 7 8 10 12 14 15 20 21 24 28 30 35 40 42 56 60 70 84 105 120 140 168 210 280 420 840,28800,1
841,1 29 841,8710,0
842,1 2 421 842,12660,0
843,1 3 281 843,11280,0
844,1 2 4 211 422 844,14840,0
845,1 5 13 65 169 845,10980,0
846,1 2 3 6 9 18 47 94 141 282 423 846,18720,0
847,1 7 11 77 121 847,10640,0
848,1 2 4 8 16 53 106 212 424 848,16740,0
849,1 3 283 849,11360,0
850,1 2 5 10 17 25 34 50 85 170 425 850,16740,0
851,1 23 37 851,9120,0
852,1 2 3 4 6 12 71 142 213 284 426 852,20160,0
853,1 853,8540,0
854,1 2 7 14 61 122 427 854,14880,0
855,1 3 5 9 15 19 45 57 95 171 285 855,15600,0
856,1 2 4 8 107 214 428 856,16200,0
857,1 857,8580,0
858,1 2 3 6 11 13 22 26 33 39 66 78 143 286 429 858,20160,0
859,1 859,8600,0
860,1 2 4 5 10 20 43 86 172 215 430 860,18480,0
861,1 3 7 21 41 123 287 861,13440,0
862,1 2 431 862,12960,0
863,1 863,8640,0
864,1 2 3 4 6 8 9 12 16 18 24 27 32 36 48 54 72 96 108 144 216 288 432 864,25200,0
865,1 5 173 865,10440,0
866,1 2 433 866,13020,0
867,1 3 17 51 289 867,12280,0
868,1 2 4 7 14 28 31 62 124 217 434 868,17920,0
869,1 11 79 869,9600,0
870,1 2 3 5 6 10 15 29 30 58 87 145 174 290 435 870,21600,0
871,1 13 67 871,9520,0
872,1 2 4 8 109 218 436 872,16500,0
873,1 3 9 97 291 873,12740,0
874,1 2 19 23 38 46 437 874,14400,0
875,1 5 7 25 35 125 175 875,12480,0
876,1 2 3 4 6 12 73 146 219 292 438 876,20720,0
877,1 877,8780,0
878,1 2 439 878,13200,0
879,1 3 293 879,11760,0
880,1 2 4 5 8 10 11 16 20 22 40 44 55 80 88 110 176 220 440 880,22320,0
881,1 881,8820,0
882,1 2 3 6 7 9 14 18 21 42 49 63 98 126 147 294 441 882,22230,0
883,1 883,8840,0
884,1 2 4 13 17 26 34 52 68 221 442 884,17640,0
885,1 3 5 15 59 177 295 885,14400,0
886,1 2 443 886,13320,0
887,1 887,8880,0
888,1 2 3 4 6 8 12 24 37 74 111 148 222 296 444 888,22800,0
889,1 7 127 889,10240,0
890,1 2 5 10 89 178 445 890,16200,0
891,1 3 9 11 27 33 81 99 297 891,14520,0
892,1 2 4 223 446 892,15680,0
893,1 19 47 893,9600,0
894,1 2 3 6 149 298 447 894,18000,0
895,1 5 179 895,10800,0
896,1 2 4 7 8 14 16 28 32 56 64 112 128 224 448 896,20400,0
897,1 3 13 23 39 69 299 897,13440,0
898,1 2 449 898,13500,0
899,1 29 31 899,9600,0
900,1 2 3 4 5 6 9 10 12 15 18 20 25 30 36 45 50 60 75 90 100 150 180 225 300 450 900,28210,0
901,1 17 53 901,9720,0
902,1 2 11 22 41 82 451 902,15120,0
903,1 3 7 21 43 129 301 903,14080,0
904,1 2 4 8 113 226 452 904,17100,0
905,1 5 181 905,10920,0
906,1 2 3 6 151 302 453 906,18240,0
907,1 907,9080,0
908,1 2 4 227 454 908,15960,0
909,1 3 9 101 303 909,13260,0
910,1 2 5 7 10 13 14 26 35 65 70 91 130 182 455 910,20160,0
911,1 911,9120,0
912,1 2 3 4 6 8 12 16 19 24 38 48 57 76 114 152 228 304 456 912,24800,0
913,1 11 83 913,10080,0
914,1 2 457 914,13740,0
915,1 3 5 15 61 183 305 915,14880,0
916,1 2 4 229 458 916,16100,0
917,1 7 131 917,10560,0
918,1 2 3 6 9 17 18 27 34 51 54 102 153 306 459 918,21600,0
919,1 919,9200,0
920,1 2 4 5 8 10 20 23 40 46 92 115 184 230 460 920,21600,0
921,1 3 307 921,12320,0
922,1 2 461 922,13860,0
923,1 13 71 923,10080,0
924,1 2 3 4 6 7 11 12 14 21 22 28 33 42 44 66 77 84 132 154 231 308 462 924,26880,0
925,1 5 25 37 185 925,11780,0
926,1 2 463 926,13920,0
927,1 3 9 103 309 927,13520,0
928,1 2 4 8 16 29 32 58 116 232 464 928,18900,0
929,1 929,9300,0
930,1 2 3 5 6 10 15 30 31 62 93 155 186 310 465 930,23040,0
931,1 7 19 49 133 931,11400,0
932,1 2 4 233 466 932,16380,0
933,1 3 311 933,12480,0
934,1 2 467 934,14040,0
935,1 5 11 17 55 85 187 935,12960,0
936,1 2 3 4 6 8 9 12 13 18 24 26 36 39 52 72 78 104 117 156 234 312 468 936,27300,0
937,1 937,9380,0
938,1 2 7 14 67 134 469 938,16320,0
939,1 3 313 939,12560,0
940,1 2 4 5 10 20 47 94 188 235 470 940,20160,0
941,1 941,9420,0
942,1 2 3 6 157 314 471 942,18960,0
943,1 23 41 943,10080,0
944,1 2 4 8 16 59 118 236 472 944,18600,0
945,1 3 5 7 9 15 21 27 35 45 63 105 135 189 315 945,19200,0
946,1 2 11 22 43 86 473 946,15840,0
947,1 947,9480,0
948,1 2 3 4 6 12 79 158 237 316 474 948,22400,0
949,1 13 73 949,10360,0
950,1 2 5 10 19 25 38 50 95 190 475 950,18600,0
951,1 3 317 951,12720,0
952,1 2 4 7 8 14 17 28 34 56 68 119 136 238 476 952,21600,0
953,1 953,9540,0
954,1 2 3 6 9 18 53 106 159 318 477 954,21060,0
955,1 5 191 955,11520,0
956,1 2 4 239 478 956,16800,0
957,1 3 11 29 33 87 319 957,14400,0
958,1 2 479 958,14400,0
959,1 7 137 959,11040,0
960,1 2 3 4 5 6 8 10 12 15 16 20 24 30 32 40 48 60 64 80 96 120 160 192 240 320 480 960,30480,1
961,1 31 961,9930,0
962,1 2 13 26 37 74 481 962,15960,0
963,1 3 9 107 321 963,14040,0
964,1 2 4 241 482 964,16940,0
965,1 5 193 965,11640,0
966,1 2 3 6 7 14 21 23 42 46 69 138 161 322 483 966,23040,0
967,1 967,9680,0
968,1 2 4 8 11 22 44 88 121 242 484 968,19950,0
969,1 3 17 19 51 57 323 969,14400,0
970,1 2 5 10 97 194 485 970,17640,0
971,1 971,9720,0
972,1 2 3 4 6 9 12 18 27 36 54 81 108 162 243 324 486 972,25480,0
973,1 7 139 973,11200,0
974,1 2 487 974,14640,0
975,1 3 5 13 15 25 39 65 75 195 325 975,17360,0
976,1 2 4 8 16 61 122 244 488 976,19220,0
977,1 977,9780,0
978,1 2 3 6 163 326 489 978,19680,0
979,1 11 89 979,10800,0
980,1 2 4 5 7 10 14 20 28 35 49 70 98 140 196 245 490 980,23940,0
981,1 3 9 109 327 981,14300,0
982,1 2 491 982,14760,0
983,1 983,9840,0
984,1 2 3 4 6 8 12 24 41 82 123 164 246 328 492 984,25200,0
985,1 5 197 985,11880,0
986,1 2 17 29 34 58 493 986,16200,0
987,1 3 7 21 47 141 329 987,15360,0
988,1 2 4 13 19 26 38 52 76 247 494 988,19600,0
989,1 23 43 989,10560,0
990,1 2 3 5 6 9 10 11 15 18 22 30 33 45 55 66 90 99 110 165 198 330 495 990,28080,0
991,1 991,9920,0
992,1 2 4 8 16 31 32 62 124 248 496 992,20160,0
993,1 3 331 993,13280,0
994,1 2 7 14 71 142 497 994,17280,0
995,1 5 199 995,12000,0
996,1 2 3 4 6 12 83 166 249 332 498 996,23520,0
997,1 997,9980,0
998,1 2 499 998,15000,0
999,1 3 9 27 37 111 333 999,15200,0
